Workbook
Name SequenzaTemporaleNativa_Data: #N/A

Sheet AUM Fondi
B1: A88 | C1: A83 | D1: A98 | E1: A99 | F1: A80 | G1: A82 | H1: A81
A2: data | B2: Etica Azionario | C2: Etica Bilanciato | D2: Etica Transizione Climatica | E2: Etica Obiettivo Sociale | F2: Etica Rendita Bilanciata | G2: Etica Obbligazionario Misto | H2: Etica Obbligazionario Breve Termine
A3: 42006 | B3: 1.4068918e+08 | C3: 4.1857711e+08 | D3: -29997 | E3: -29997 | F3: -29997 | G3: 5.8355828e+08 | H3: 1.9547788e+08
A4: 42009 | B4: 1.3947961e+08 | C4: 4.1584794e+08 | D4: -29997 | E4: -29997 | F4: -29997 | G4: 5.825948e+08 | H4: 1.9521737e+08
A5: 42011 | B5: 1.4089677e+08 | C5: 4.1929234e+08 | D5: -29997 | E5: -29997 | F5: -29997 | G5: 5.8669336e+08 | H5: 1.9506602e+08
A6: 42012 | B6: 1.4349554e+08 | C6: 4.2633009e+08 | D6: -29997 | E6: -29997 | F6: -29997 | G6: 5.9062393e+08 | H6: 1.9544895e+08
A7: 42013 | B7: 1.4264645e+08 | C7: 4.2584571e+08 | D7: -29997 | E7: -29997 | F7: -29997 | G7: 5.9188333e+08 | H7: 1.959434e+08
A8: 42016 | B8: 1.4332954e+08 | C8: 4.2829712e+08 | D8: -29997 | E8: -29997 | F8: -29997 | G8: 5.955677e+08 | H8: 1.9638133e+08
A9: 42017 | B9: 1.4440598e+08 | C9: 4.3093356e+08 | D9: -29997 | E9: -29997 | F9: -29997 | G9: 5.9878164e+08 | H9: 1.9605932e+08
A10: 42018 | B10: 1.4389994e+08 | C10: 4.3071555e+08 | D10: -29997 | E10: -29997 | F10: -29997 | G10: 6.0244574e+08 | H10: 1.9605797e+08
A11: 42019 | B11: 1.4622201e+08 | C11: 4.3670897e+08 | D11: -29997 | E11: -29997 | F11: -29997 | G11: 6.058798e+08 | H11: 1.9626652e+08
A12: 42020 | B12: 1.4777e+08 | C12: 4.4144695e+08 | D12: -29997 | E12: -29997 | F12: -29997 | G12: 6.1063865e+08 | H12: 1.9693064e+08
A13: 42023 | B13: 1.4718238e+08 | C13: 4.4150728e+08 | D13: -29997 | E13: -29997 | F13: -29997 | G13: 6.1347071e+08 | H13: 1.9699177e+08
A14: 42024 | B14: 1.4837882e+08 | C14: 4.4535666e+08 | D14: -29997 | E14: -29997 | F14: -29997 | G14: 6.1763044e+08 | H14: 1.971181e+08
... A2688: 45916 | B2688: 5.9209886e+08 | C2688: 1.9450352e+09 | D2688: 8.9347172e+08 | E2688: 76243112 | F2688: 9.1689295e+08 | G2688: 1.1755264e+09 | H2688: 2.9376858e+08
A2689: {=[1]!nbd(A2688)} -> 45917 | B2689: =[1]!nav(B$1,A2689,"NAV","R")+[1]!nav(B$1,A2689,"NAV","X")+[1]!nav(B$1,A2689,"NAV","I") -> 5.9251621e+08 | C2689: =[1]!nav(C$1,A2689,"NAV","R")+[1]!nav(C$1,A2689,"NAV","X")+[1]!nav(C$1,A2689,"NAV","I") -> 1.94562e+09 | D2689: =[1]!nav(D$1,A2689,"NAV","R")+[1]!nav(D$1,A2689,"NAV","X")+[1]!nav(D$1,A2689,"NAV","I") -> 8.9453316e+08 | E2689: =[1]!nav(E$1,A2689,"NAV","R")+[1]!nav(E$1,A2689,"NAV","X")+[1]!nav(E$1,A2689,"NAV","I") -> 76261718 | F2689: =[1]!nav(F$1,A2689,"NAV","R")+[1]!nav(F$1,A2689,"NAV","X")+[1]!nav(F$1,A2689,"NAV","I") -> 9.1647007e+08 | G2689: =[1]!nav(G$1,A2689,"NAV","R")+[1]!nav(G$1,A2689,"NAV","X")+[1]!nav(G$1,A2689,"NAV","I") -> 1.1751483e+09 | H2689: =[1]!nav(H$1,A2689,"NAV","R")+[1]!nav(H$1,A2689,"NAV","I") -> 2.9364529e+08
A2690: {=[1]!nbd(A2689)} -> 45918 | B2690: =[1]!nav(B$1,A2690,"NAV","R")+[1]!nav(B$1,A2690,"NAV","X")+[1]!nav(B$1,A2690,"NAV","I") -> 5.9905073e+08 | C2690: =[1]!nav(C$1,A2690,"NAV","R")+[1]!nav(C$1,A2690,"NAV","X")+[1]!nav(C$1,A2690,"NAV","I") -> 1.9555301e+09 | D2690: =[1]!nav(D$1,A2690,"NAV","R")+[1]!nav(D$1,A2690,"NAV","X")+[1]!nav(D$1,A2690,"NAV","I") -> 8.9528935e+08 | E2690: =[1]!nav(E$1,A2690,"NAV","R")+[1]!nav(E$1,A2690,"NAV","X")+[1]!nav(E$1,A2690,"NAV","I") -> 76613944 | F2690: =[1]!nav(F$1,A2690,"NAV","R")+[1]!nav(F$1,A2690,"NAV","X")+[1]!nav(F$1,A2690,"NAV","I") -> 9.1736228e+08 | G2690: =[1]!nav(G$1,A2690,"NAV","R")+[1]!nav(G$1,A2690,"NAV","X")+[1]!nav(G$1,A2690,"NAV","I") -> 1.1719763e+09 | H2690: =[1]!nav(H$1,A2690,"NAV","R")+[1]!nav(H$1,A2690,"NAV","I") -> 2.9327147e+08
A2691: {=[1]!nbd(A2690)} -> 45919 | B2691: =[1]!nav(B$1,A2691,"NAV","R")+[1]!nav(B$1,A2691,"NAV","X")+[1]!nav(B$1,A2691,"NAV","I") -> 5.9875206e+08 | C2691: =[1]!nav(C$1,A2691,"NAV","R")+[1]!nav(C$1,A2691,"NAV","X")+[1]!nav(C$1,A2691,"NAV","I") -> 1.9528675e+09 | D2691: =[1]!nav(D$1,A2691,"NAV","R")+[1]!nav(D$1,A2691,"NAV","X")+[1]!nav(D$1,A2691,"NAV","I") -> 8.9405589e+08 | E2691: =[1]!nav(E$1,A2691,"NAV","R")+[1]!nav(E$1,A2691,"NAV","X")+[1]!nav(E$1,A2691,"NAV","I") -> 76953688 | F2691: =[1]!nav(F$1,A2691,"NAV","R")+[1]!nav(F$1,A2691,"NAV","X")+[1]!nav(F$1,A2691,"NAV","I") -> 9.1592158e+08 | G2691: =[1]!nav(G$1,A2691,"NAV","R")+[1]!nav(G$1,A2691,"NAV","X")+[1]!nav(G$1,A2691,"NAV","I") -> 1.1695892e+09 | H2691: =[1]!nav(H$1,A2691,"NAV","R")+[1]!nav(H$1,A2691,"NAV","I") -> 2.931062e+08

Sheet Azionario
A1: Etica Azionario | B1: ETVARAZ IM Equity
A2: Data | B2: Variaz | C2: Variazione percentuale | D2: AUM | E2: effetto mercato | F2: ∆ AUM | G2: flussi netti
A3: =_xll.BDH(B1,"PR052",'AUM Fondi'!A3,TODAY(),"cols=2;rows=2690") -> #NAME? | B3: 0.025 | C3: =AZ[[#This Row],[Variaz]]/100 -> 0.00025 | D3: =AUM[[#This Row],[ Etica Azionario ]] -> 1.4068918e+08 | E3: - | F3: - | G3: - | J3: Anni (Data) | K3: 2021
A4: 42009 | B4: -0.9118 | C4: =AZ[[#This Row],[Variaz]]/100 -> -0.009118 | D4: =AUM[[#This Row],[ Etica Azionario ]] -> 1.3947961e+08 | E4: =D3*AZ[[#This Row],[Variazione percentuale]] -> -1282803.9 | F4: =AZ[[#This Row],[AUM]]-D3 -> -1209567.2 | G4: =AZ[[#This Row],[∆ AUM]]-AZ[[#This Row],[effetto mercato]] -> 73236.771
A5: 42011 | B5: 0.6303 | C5: =AZ[[#This Row],[Variaz]]/100 -> 0.006303 | D5: =AUM[[#This Row],[ Etica Azionario ]] -> 1.4089677e+08 | E5: =D4*AZ[[#This Row],[Variazione percentuale]] -> 879139.98 | F5: =AZ[[#This Row],[AUM]]-D4 -> 1417158.1 | G5: =AZ[[#This Row],[∆ AUM]]-AZ[[#This Row],[effetto mercato]] -> 538018.16 | J5: Etichette di riga | K5: Somma di flussi netti | L5: Somma di effetto mercato
A6: 42012 | B6: 1.8038 | C6: =AZ[[#This Row],[Variaz]]/100 -> 0.018038 | D6: =AUM[[#This Row],[ Etica Azionario ]] -> 1.4349554e+08 | E6: =D5*AZ[[#This Row],[Variazione percentuale]] -> 2541495.9 | F6: =AZ[[#This Row],[AUM]]-D5 -> 2598770.8 | G6: =AZ[[#This Row],[∆ AUM]]-AZ[[#This Row],[effetto mercato]] -> 57274.919 | J6: gen | K6: -4052590.9 | L6: 1486229.7
A7: 42013 | B7: -0.5291 | C7: =AZ[[#This Row],[Variaz]]/100 -> -0.005291 | D7: =AUM[[#This Row],[ Etica Azionario ]] -> 1.4264645e+08 | E7: =D6*AZ[[#This Row],[Variazione percentuale]] -> -759234.9 | F7: =AZ[[#This Row],[AUM]]-D6 -> -849090.5 | G7: =AZ[[#This Row],[∆ AUM]]-AZ[[#This Row],[effetto mercato]] -> -89855.601 | J7: feb | K7: -266576.98 | L7: 9175298.5
A8: 42016 | B8: 0.2845 | C8: =AZ[[#This Row],[Variaz]]/100 -> 0.002845 | D8: =AUM[[#This Row],[ Etica Azionario ]] -> 1.4332954e+08 | E8: =D7*AZ[[#This Row],[Variazione percentuale]] -> 405829.15 | F8: =AZ[[#This Row],[AUM]]-D7 -> 683087.88 | G8: =AZ[[#This Row],[∆ AUM]]-AZ[[#This Row],[effetto mercato]] -> 277258.73 | J8: mar | K8: 6821844.6 | L8: 29534496
A9: 42017 | B9: 0.5551 | C9: =AZ[[#This Row],[Variaz]]/100 -> 0.005551 | D9: =AUM[[#This Row],[ Etica Azionario ]] -> 1.4440598e+08 | E9: =D8*AZ[[#This Row],[Variazione percentuale]] -> 795622.26 | F9: =AZ[[#This Row],[AUM]]-D8 -> 1076447.8 | G9: =AZ[[#This Row],[∆ AUM]]-AZ[[#This Row],[effetto mercato]] -> 280825.49 | J9: apr | K9: 18692432 | L9: 2467158.9
A10: 42018 | B10: -0.687 | C10: =AZ[[#This Row],[Variaz]]/100 -> -0.00687 | D10: =AUM[[#This Row],[ Etica Azionario ]] -> 1.4389994e+08 | E10: =D9*AZ[[#This Row],[Variazione percentuale]] -> -992069.11 | F10: =AZ[[#This Row],[AUM]]-D9 -> -506044.28 | G10: =AZ[[#This Row],[∆ AUM]]-AZ[[#This Row],[effetto mercato]] -> 486024.83 | J10: mag | K10: 5507950.4 | L10: 4845503.7
A11: 42019 | B11: 1.6057 | C11: =AZ[[#This Row],[Variaz]]/100 -> 0.016057 | D11: =AUM[[#This Row],[ Etica Azionario ]] -> 1.4622201e+08 | E11: =D10*AZ[[#This Row],[Variazione percentuale]] -> 2310601.3 | F11: =AZ[[#This Row],[AUM]]-D10 -> 2322069.2 | G11: =AZ[[#This Row],[∆ AUM]]-AZ[[#This Row],[effetto mercato]] -> 11467.84 | J11: giu | K11: 6977334.6 | L11: 13683542
A12: 42020 | B12: 0.9847 | C12: =AZ[[#This Row],[Variaz]]/100 -> 0.009847 | D12: =AUM[[#This Row],[ Etica Azionario ]] -> 1.4777e+08 | E12: =D11*AZ[[#This Row],[Variazione percentuale]] -> 1439848.1 | F12: =AZ[[#This Row],[AUM]]-D11 -> 1547993.7 | G12: =AZ[[#This Row],[∆ AUM]]-AZ[[#This Row],[effetto mercato]] -> 108145.55 | J12: lug | K12: 6836516.6 | L12: 1378152.7
A13: 42023 | B13: -0.4454 | C13: =AZ[[#This Row],[Variaz]]/100 -> -0.004454 | D13: =AUM[[#This Row],[ Etica Azionario ]] -> 1.4718238e+08 | E13: =D12*AZ[[#This Row],[Variazione percentuale]] -> -658167.59 | F13: =AZ[[#This Row],[AUM]]-D12 -> -587621.67 | G13: =AZ[[#This Row],[∆ AUM]]-AZ[[#This Row],[effetto mercato]] -> 70545.924 | J13: ago | K13: 7528881.7 | L13: 10189239
A14: 42024 | B14: 0.6771 | C14: =AZ[[#This Row],[Variaz]]/100 -> 0.006771 | D14: =AUM[[#This Row],[ Etica Azionario ]] -> 1.4837882e+08 | E14: =D13*AZ[[#This Row],[Variazione percentuale]] -> 996571.9 | F14: =AZ[[#This Row],[AUM]]-D13 -> 1196436.4 | G14: =AZ[[#This Row],[∆ AUM]]-AZ[[#This Row],[effetto mercato]] -> 199864.48 | J14: set | K14: 7434040.7 | L14: -11984271
A15: 42025 | B15: 0.3363 | C15: =AZ[[#This Row],[Variaz]]/100 -> 0.003363 | D15: =AUM[[#This Row],[ Etica Azionario ]] -> 1.4843485e+08 | E15: =D14*AZ[[#This Row],[Variazione percentuale]] -> 498997.96 | F15: =AZ[[#This Row],[AUM]]-D14 -> 56036.87 | G15: =AZ[[#This Row],[∆ AUM]]-AZ[[#This Row],[effetto mercato]] -> -442961.09 | J15: ott | K15: 6400230.4 | L15: 18911468
A16: 42026 | B16: 2.0828 | C16: =AZ[[#This Row],[Variaz]]/100 -> 0.020828 | D16: =AUM[[#This Row],[ Etica Azionario ]] -> 1.5013472e+08 | E16: =D15*AZ[[#This Row],[Variazione percentuale]] -> 3091601.2 | F16: =AZ[[#This Row],[AUM]]-D15 -> 1699862.6 | G16: =AZ[[#This Row],[∆ AUM]]-AZ[[#This Row],[effetto mercato]] -> -1391738.5 | J16: nov | K16: -3411937.2 | L16: 9257498.2
A17: 42027 | B17: 1.3837 | C17: =AZ[[#This Row],[Variaz]]/100 -> 0.013837 | D17: =AUM[[#This Row],[ Etica Azionario ]] -> 1.5249753e+08 | E17: =D16*AZ[[#This Row],[Variazione percentuale]] -> 2077414.1 | F17: =AZ[[#This Row],[AUM]]-D16 -> 2362813.9 | G17: =AZ[[#This Row],[∆ AUM]]-AZ[[#This Row],[effetto mercato]] -> 285399.83 | J17: dic | K17: 6711963.8 | L17: 14312490
A18: 42030 | B18: 0.1388 | C18: =AZ[[#This Row],[Variaz]]/100 -> 0.001388 | D18: =AUM[[#This Row],[ Etica Azionario ]] -> 1.5291993e+08 | E18: =D17*AZ[[#This Row],[Variazione percentuale]] -> 211666.57 | F18: =AZ[[#This Row],[AUM]]-D17 -> 422401 | G18: =AZ[[#This Row],[∆ AUM]]-AZ[[#This Row],[effetto mercato]] -> 210734.43 | J18: Totale complessivo | K18: 65180090 | L18: 1.0325681e+08
A19: 42031 | B19: -1.1088 | C19: =AZ[[#This Row],[Variaz]]/100 -> -0.011088 | D19: =AUM[[#This Row],[ Etica Azionario ]] -> 1.5165041e+08 | E19: =D18*AZ[[#This Row],[Variazione percentuale]] -> -1695576.2 | F19: =AZ[[#This Row],[AUM]]-D18 -> -1269520.6 | G19: =AZ[[#This Row],[∆ AUM]]-AZ[[#This Row],[effetto mercato]] -> 426055.57
A20: 42032 | B20: -0.0117 | C20: =AZ[[#This Row],[Variaz]]/100 -> -0.000117 | D20: =AUM[[#This Row],[ Etica Azionario ]] -> 1.5243447e+08 | E20: =D19*AZ[[#This Row],[Variazione percentuale]] -> -17743.098 | F20: =AZ[[#This Row],[AUM]]-D19 -> 784059.3 | G20: =AZ[[#This Row],[∆ AUM]]-AZ[[#This Row],[effetto mercato]] -> 801802.4
A21: 42033 | B21: -0.1402 | C21: =AZ[[#This Row],[Variaz]]/100 -> -0.001402 | D21: =AUM[[#This Row],[ Etica Azionario ]] -> 1.5247479e+08 | E21: =D20*AZ[[#This Row],[Variazione percentuale]] -> -213713.13 | F21: =AZ[[#This Row],[AUM]]-D20 -> 40322.22 | G21: =AZ[[#This Row],[∆ AUM]]-AZ[[#This Row],[effetto mercato]] -> 254035.35
A22: 42034 | B22: -0.1755 | C22: =AZ[[#This Row],[Variaz]]/100 -> -0.001755 | D22: =AUM[[#This Row],[ Etica Azionario ]] -> 1.5262062e+08 | E22: =D21*AZ[[#This Row],[Variazione percentuale]] -> -267593.26 | F22: =AZ[[#This Row],[AUM]]-D21 -> 145829.59 | G22: =AZ[[#This Row],[∆ AUM]]-AZ[[#This Row],[effetto mercato]] -> 413422.85
A23: 42037 | B23: 0.0234 | C23: =AZ[[#This Row],[Variaz]]/100 -> 0.000234 | D23: =AUM[[#This Row],[ Etica Azionario ]] -> 1.5306592e+08 | E23: =D22*AZ[[#This Row],[Variazione percentuale]] -> 35713.226 | F23: =AZ[[#This Row],[AUM]]-D22 -> 445294.18 | G23: =AZ[[#This Row],[∆ AUM]]-AZ[[#This Row],[effetto mercato]] -> 409580.95
A24: 42038 | B24: 0.2929 | C24: =AZ[[#This Row],[Variaz]]/100 -> 0.002929 | D24: =AUM[[#This Row],[ Etica Azionario ]] -> 1.5378656e+08 | E24: =D23*AZ[[#This Row],[Variazione percentuale]] -> 448330.07 | F24: =AZ[[#This Row],[AUM]]-D23 -> 720638.98 | G24: =AZ[[#This Row],[∆ AUM]]-AZ[[#This Row],[effetto mercato]] -> 272308.91
A25: 42039 | B25: 0.584 | C25: =AZ[[#This Row],[Variaz]]/100 -> 0.00584 | D25: =AUM[[#This Row],[ Etica Azionario ]] -> 1.5545901e+08 | E25: =D24*AZ[[#This Row],[Variazione percentuale]] -> 898113.49 | F25: =AZ[[#This Row],[AUM]]-D24 -> 1672457.5 | G25: =AZ[[#This Row],[∆ AUM]]-AZ[[#This Row],[effetto mercato]] -> 774343.97
A26: 42040 | B26: 0.2555 | C26: =AZ[[#This Row],[Variaz]]/100 -> 0.002555 | D26: =AUM[[#This Row],[ Etica Azionario ]] -> 1.5643181e+08 | E26: =D25*AZ[[#This Row],[Variazione percentuale]] -> 397197.78 | F26: =AZ[[#This Row],[AUM]]-D25 -> 972792.19 | G26: =AZ[[#This Row],[∆ AUM]]-AZ[[#This Row],[effetto mercato]] -> 575594.41
A27: 42041 | B27: -0.1738 | C27: =AZ[[#This Row],[Variaz]]/100 -> -0.001738 | D27: =AUM[[#This Row],[ Etica Azionario ]] -> 1.5660532e+08 | E27: =D26*AZ[[#This Row],[Variazione percentuale]] -> -271878.48 | F27: =AZ[[#This Row],[AUM]]-D26 -> 173518.94 | G27: =AZ[[#This Row],[∆ AUM]]-AZ[[#This Row],[effetto mercato]] -> 445397.42
A28: 42044 | B28: -0.499 | C28: =AZ[[#This Row],[Variaz]]/100 -> -0.00499 | D28: =AUM[[#This Row],[ Etica Azionario ]] -> 1.5611646e+08 | E28: =D27*AZ[[#This Row],[Variazione percentuale]] -> -781460.57 | F28: =AZ[[#This Row],[AUM]]-D27 -> -488861.16 | G28: =AZ[[#This Row],[∆ AUM]]-AZ[[#This Row],[effetto mercato]] -> 292599.41
A29: 42045 | B29: 0.5131 | C29: =AZ[[#This Row],[Variaz]]/100 -> 0.005131 | D29: =AUM[[#This Row],[ Etica Azionario ]] -> 1.5751282e+08 | E29: =D28*AZ[[#This Row],[Variazione percentuale]] -> 801033.57 | F29: =AZ[[#This Row],[AUM]]-D28 -> 1396358.4 | G29: =AZ[[#This Row],[∆ AUM]]-AZ[[#This Row],[effetto mercato]] -> 595324.79
A30: 42046 | B30: -0.2204 | C30: =AZ[[#This Row],[Variaz]]/100 -> -0.002204 | D30: =AUM[[#This Row],[ Etica Azionario ]] -> 1.5753756e+08 | E30: =D29*AZ[[#This Row],[Variazione percentuale]] -> -347158.26 | F30: =AZ[[#This Row],[AUM]]-D29 -> 24734.81 | G30: =AZ[[#This Row],[∆ AUM]]-AZ[[#This Row],[effetto mercato]] -> 371893.07
... A2691: 45919 | B2691: -0.0065 | C2691: =AZ[[#This Row],[Variaz]]/100 -> -6.5e-05 | D2691: =AUM[[#This Row],[ Etica Azionario ]] -> 5.9875206e+08 | E2691: =D2690*AZ[[#This Row],[Variazione percentuale]] -> -38938.298 | F2691: =AZ[[#This Row],[AUM]]-D2690 -> -298679.49 | G2691: =AZ[[#This Row],[∆ AUM]]-AZ[[#This Row],[effetto mercato]] -> -259741.19
A2692: 45922 | B2692: 0.5492

Sheet Bilanciato
A1: Etica Bilanciato | B1: ETVRBIL IM Equity
A2: Data | B2: Variaz | C2: Variazione percentuale | D2: AUM | E2: effetto mercato | F2: ∆ AUM | G2: flussi netti
A3: =_xll.BDH(B1,"PR052",'AUM Fondi'!A3,TODAY(),"cols=2;rows=2690") -> #NAME? | B3: 0.2198 | C3: =BIL[[#This Row],[Variaz]]/100 -> 0.002198 | D3: =AUM[[#This Row],[ Etica Bilanciato]] -> 4.1857711e+08 | E3: - | F3: - | G3: -
A4: 42009 | B4: -0.7276 | C4: =BIL[[#This Row],[Variaz]]/100 -> -0.007276 | D4: =AUM[[#This Row],[ Etica Bilanciato]] -> 4.1584794e+08 | E4: =D3*BIL[[#This Row],[Variazione percentuale]] -> -3045567.1 | F4: =BIL[[#This Row],[AUM]]-D3 -> -2729171.8 | G4: =BIL[[#This Row],[∆ AUM]]-BIL[[#This Row],[effetto mercato]] -> 316395.31
A5: 42011 | B5: 0.3614 | C5: =BIL[[#This Row],[Variaz]]/100 -> 0.003614 | D5: =AUM[[#This Row],[ Etica Bilanciato]] -> 4.1929234e+08 | E5: =D4*BIL[[#This Row],[Variazione percentuale]] -> 1502874.5 | F5: =BIL[[#This Row],[AUM]]-D4 -> 3444395.1 | G5: =BIL[[#This Row],[∆ AUM]]-BIL[[#This Row],[effetto mercato]] -> 1941520.6
A6: 42012 | B6: 1.2605 | C6: =BIL[[#This Row],[Variaz]]/100 -> 0.012605 | D6: =AUM[[#This Row],[ Etica Bilanciato]] -> 4.2633009e+08 | E6: =D5*BIL[[#This Row],[Variazione percentuale]] -> 5285179.9 | F6: =BIL[[#This Row],[AUM]]-D5 -> 7037758.3 | G6: =BIL[[#This Row],[∆ AUM]]-BIL[[#This Row],[effetto mercato]] -> 1752578.4
A7: 42013 | B7: -0.3754 | C7: =BIL[[#This Row],[Variaz]]/100 -> -0.003754 | D7: =AUM[[#This Row],[ Etica Bilanciato]] -> 4.2584571e+08 | E7: =D6*BIL[[#This Row],[Variazione percentuale]] -> -1600443.2 | F7: =BIL[[#This Row],[AUM]]-D6 -> -484384.68 | G7: =BIL[[#This Row],[∆ AUM]]-BIL[[#This Row],[effetto mercato]] -> 1116058.5
A8: 42016 | B8: 0.2678 | C8: =BIL[[#This Row],[Variaz]]/100 -> 0.002678 | D8: =AUM[[#This Row],[ Etica Bilanciato]] -> 4.2829712e+08 | E8: =D7*BIL[[#This Row],[Variazione percentuale]] -> 1140414.8 | F8: =BIL[[#This Row],[AUM]]-D7 -> 2451405.8 | G8: =BIL[[#This Row],[∆ AUM]]-BIL[[#This Row],[effetto mercato]] -> 1310990.9
A9: 42017 | B9: 0.3857 | C9: =BIL[[#This Row],[Variaz]]/100 -> 0.003857 | D9: =AUM[[#This Row],[ Etica Bilanciato]] -> 4.3093356e+08 | E9: =D8*BIL[[#This Row],[Variazione percentuale]] -> 1651942 | F9: =BIL[[#This Row],[AUM]]-D8 -> 2636446.6 | G9: =BIL[[#This Row],[∆ AUM]]-BIL[[#This Row],[effetto mercato]] -> 984504.67
A10: 42018 | B10: -0.3054 | C10: =BIL[[#This Row],[Variaz]]/100 -> -0.003054 | D10: =AUM[[#This Row],[ Etica Bilanciato]] -> 4.3071555e+08 | E10: =D9*BIL[[#This Row],[Variazione percentuale]] -> -1316071.1 | F10: =BIL[[#This Row],[AUM]]-D9 -> -218016.46 | G10: =BIL[[#This Row],[∆ AUM]]-BIL[[#This Row],[effetto mercato]] -> 1098054.6
A11: 42019 | B11: 1.0969 | C11: =BIL[[#This Row],[Variaz]]/100 -> 0.010969 | D11: =AUM[[#This Row],[ Etica Bilanciato]] -> 4.3670897e+08 | E11: =D10*BIL[[#This Row],[Variazione percentuale]] -> 4724518.8 | F11: =BIL[[#This Row],[AUM]]-D10 -> 5993428 | G11: =BIL[[#This Row],[∆ AUM]]-BIL[[#This Row],[effetto mercato]] -> 1268909.2
A12: 42020 | B12: 0.782 | C12: =BIL[[#This Row],[Variaz]]/100 -> 0.00782 | D12: =AUM[[#This Row],[ Etica Bilanciato]] -> 4.4144695e+08 | E12: =D11*BIL[[#This Row],[Variazione percentuale]] -> 3415064.2 | F12: =BIL[[#This Row],[AUM]]-D11 -> 4737981.1 | G12: =BIL[[#This Row],[∆ AUM]]-BIL[[#This Row],[effetto mercato]] -> 1322916.9
A13: 42023 | B13: -0.2716 | C13: =BIL[[#This Row],[Variaz]]/100 -> -0.002716 | D13: =AUM[[#This Row],[ Etica Bilanciato]] -> 4.4150728e+08 | E13: =D12*BIL[[#This Row],[Variazione percentuale]] -> -1198969.9 | F13: =BIL[[#This Row],[AUM]]-D12 -> 60320.95 | G13: =BIL[[#This Row],[∆ AUM]]-BIL[[#This Row],[effetto mercato]] -> 1259290.9
A14: 42024 | B14: 0.4668 | C14: =BIL[[#This Row],[Variaz]]/100 -> 0.004668 | D14: =AUM[[#This Row],[ Etica Bilanciato]] -> 4.4535666e+08 | E14: =D13*BIL[[#This Row],[Variazione percentuale]] -> 2060956 | F14: =BIL[[#This Row],[AUM]]-D13 -> 3849379.8 | G14: =BIL[[#This Row],[∆ AUM]]-BIL[[#This Row],[effetto mercato]] -> 1788423.8
A15: 42025 | B15: 0.1452 | C15: =BIL[[#This Row],[Variaz]]/100 -> 0.001452 | D15: =AUM[[#This Row],[ Etica Bilanciato]] -> 4.4750365e+08 | E15: =D14*BIL[[#This Row],[Variazione percentuale]] -> 646657.86 | F15: =BIL[[#This Row],[AUM]]-D14 -> 2146990 | G15: =BIL[[#This Row],[∆ AUM]]-BIL[[#This Row],[effetto mercato]] -> 1500332.1
... A2691: 45919 | B2691: -0.0395 | C2691: =BIL[[#This Row],[Variaz]]/100 -> -0.000395 | D2691: =AUM[[#This Row],[ Etica Bilanciato]] -> 1.9528675e+09 | E2691: =D2690*BIL[[#This Row],[Variazione percentuale]] -> -772434.39 | F2691: =BIL[[#This Row],[AUM]]-D2690 -> -2662631.6 | G2691: =BIL[[#This Row],[∆ AUM]]-BIL[[#This Row],[effetto mercato]] -> -1890197.2
A2692: 45922 | B2692: 0.3495

Sheet Transizione Climatica
A1: Etica Transizione Climatica | B1: ETIMPCR IM Equity
A2: Data | B2: Variaz | C2: Variazione percentuale | D2: AUM | E2: effetto mercato | F2: ∆ AUM | G2: flussi netti
A3: =_xll.BDH(B1,"PR052",'AUM Fondi'!A3,TODAY(),"cols=2;rows=1749") -> #NAME? | B3: 0 | C3: =TC[[#This Row],[Variaz]]/100 -> 0 | D3: ='AUM Fondi'!D944 -> 999933.07 | E3: - | F3: - | G3: -
A4: 43376 | B4: 0 | C4: =TC[[#This Row],[Variaz]]/100 -> 0 | D4: ='AUM Fondi'!D945 -> 1206093.3 | E4: =D3*TC[[#This Row],[Variazione percentuale]] -> 0 | F4: =TC[[#This Row],[AUM]]-D3 -> 206160.21 | G4: =TC[[#This Row],[∆ AUM]]-TC[[#This Row],[effetto mercato]] -> 206160.21
A5: 43377 | B5: 0 | C5: =TC[[#This Row],[Variaz]]/100 -> 0 | D5: ='AUM Fondi'!D946 -> 6307953 | E5: =D4*TC[[#This Row],[Variazione percentuale]] -> 0 | F5: =TC[[#This Row],[AUM]]-D4 -> 5101859.7 | G5: =TC[[#This Row],[∆ AUM]]-TC[[#This Row],[effetto mercato]] -> 5101859.7
A6: 43378 | B6: 0 | C6: =TC[[#This Row],[Variaz]]/100 -> 0 | D6: ='AUM Fondi'!D947 -> 16573617 | E6: =D5*TC[[#This Row],[Variazione percentuale]] -> 0 | F6: =TC[[#This Row],[AUM]]-D5 -> 10265664 | G6: =TC[[#This Row],[∆ AUM]]-TC[[#This Row],[effetto mercato]] -> 10265664
A7: 43381 | B7: 0 | C7: =TC[[#This Row],[Variaz]]/100 -> 0 | D7: ='AUM Fondi'!D948 -> 16895790 | E7: =D6*TC[[#This Row],[Variazione percentuale]] -> 0 | F7: =TC[[#This Row],[AUM]]-D6 -> 322172.9 | G7: =TC[[#This Row],[∆ AUM]]-TC[[#This Row],[effetto mercato]] -> 322172.9
A8: 43382 | B8: 0 | C8: =TC[[#This Row],[Variaz]]/100 -> 0 | D8: ='AUM Fondi'!D949 -> 17062412 | E8: =D7*TC[[#This Row],[Variazione percentuale]] -> 0 | F8: =TC[[#This Row],[AUM]]-D7 -> 166621.67 | G8: =TC[[#This Row],[∆ AUM]]-TC[[#This Row],[effetto mercato]] -> 166621.67
A9: 43383 | B9: 0 | C9: =TC[[#This Row],[Variaz]]/100 -> 0 | D9: ='AUM Fondi'!D950 -> 22139266 | E9: =D8*TC[[#This Row],[Variazione percentuale]] -> 0 | F9: =TC[[#This Row],[AUM]]-D8 -> 5076854.6 | G9: =TC[[#This Row],[∆ AUM]]-TC[[#This Row],[effetto mercato]] -> 5076854.6
A10: 43384 | B10: 0 | C10: =TC[[#This Row],[Variaz]]/100 -> 0 | D10: ='AUM Fondi'!D951 -> 22489568 | E10: =D9*TC[[#This Row],[Variazione percentuale]] -> 0 | F10: =TC[[#This Row],[AUM]]-D9 -> 350301.82 | G10: =TC[[#This Row],[∆ AUM]]-TC[[#This Row],[effetto mercato]] -> 350301.82
A11: 43385 | B11: 0 | C11: =TC[[#This Row],[Variaz]]/100 -> 0 | D11: ='AUM Fondi'!D952 -> 22606492 | E11: =D10*TC[[#This Row],[Variazione percentuale]] -> 0 | F11: =TC[[#This Row],[AUM]]-D10 -> 116923.35 | G11: =TC[[#This Row],[∆ AUM]]-TC[[#This Row],[effetto mercato]] -> 116923.35
A12: 43388 | B12: -0.38 | C12: =TC[[#This Row],[Variaz]]/100 -> -0.0038 | D12: ='AUM Fondi'!D953 -> 22699108 | E12: =D11*TC[[#This Row],[Variazione percentuale]] -> -85904.668 | F12: =TC[[#This Row],[AUM]]-D11 -> 92616.14 | G12: =TC[[#This Row],[∆ AUM]]-TC[[#This Row],[effetto mercato]] -> 178520.81
A13: 43389 | B13: 1.064 | C13: =TC[[#This Row],[Variaz]]/100 -> 0.01064 | D13: ='AUM Fondi'!D954 -> 24037719 | E13: =D12*TC[[#This Row],[Variazione percentuale]] -> 241518.51 | F13: =TC[[#This Row],[AUM]]-D12 -> 1338611.5 | G13: =TC[[#This Row],[∆ AUM]]-TC[[#This Row],[effetto mercato]] -> 1097093
A14: 43390 | B14: 0.1788 | C14: =TC[[#This Row],[Variaz]]/100 -> 0.001788 | D14: ='AUM Fondi'!D955 -> 24809878 | E14: =D13*TC[[#This Row],[Variazione percentuale]] -> 42979.442 | F14: =TC[[#This Row],[AUM]]-D13 -> 772159.11 | G14: =TC[[#This Row],[∆ AUM]]-TC[[#This Row],[effetto mercato]] -> 729179.67
A15: 43391 | B15: 0.0198 | C15: =TC[[#This Row],[Variaz]]/100 -> 0.000198 | D15: ='AUM Fondi'!D956 -> 25348846 | E15: =D14*TC[[#This Row],[Variazione percentuale]] -> 4912.3559 | F15: =TC[[#This Row],[AUM]]-D14 -> 538967.76 | G15: =TC[[#This Row],[∆ AUM]]-TC[[#This Row],[effetto mercato]] -> 534055.4
... A1750: 45919 | B1750: 0 | C1750: =TC[[#This Row],[Variaz]]/100 -> 0 | D1750: ='AUM Fondi'!D2691 -> 8.9405589e+08 | E1750: =D1749*TC[[#This Row],[Variazione percentuale]] -> 0 | F1750: =TC[[#This Row],[AUM]]-D1749 -> -1233452.8 | G1750: =TC[[#This Row],[∆ AUM]]-TC[[#This Row],[effetto mercato]] -> -1233452.8
A1751: 45922 | B1751: 0.1187

Sheet Obiettivo Sociale
A1: Etica Obiettivo Sociale | B1: ETHBJKR IM Equity
A2: Data | B2: Variaz | C2: Variazione percentuale | D2: AUM | E2: effetto mercato | F2: ∆ AUM | G2: flussi netti
A3: =_xll.BDH(B1,"PR052",'AUM Fondi'!A3,TODAY(),"cols=2;rows=772") -> #NAME? | B3: 0 | C3: =OS[[#This Row],[Variaz]]/100 -> 0 | D3: ='AUM Fondi'!E1920 -> -29997 | E3: - | F3: - | G3: -
A4: 44797 | B4: 0 | C4: =OS[[#This Row],[Variaz]]/100 -> 0 | D4: ='AUM Fondi'!E1921 -> 13195223 | E4: =D3*OS[[#This Row],[Variazione percentuale]] -> 0 | F4: =OS[[#This Row],[AUM]]-D3 -> 13225220 | G4: =OS[[#This Row],[∆ AUM]]-OS[[#This Row],[effetto mercato]] -> 13225220
A5: 44798 | B5: 0 | C5: =OS[[#This Row],[Variaz]]/100 -> 0 | D5: ='AUM Fondi'!E1922 -> 13213236 | E5: =D4*OS[[#This Row],[Variazione percentuale]] -> 0 | F5: =OS[[#This Row],[AUM]]-D4 -> 18012.55 | G5: =OS[[#This Row],[∆ AUM]]-OS[[#This Row],[effetto mercato]] -> 18012.55
A6: 44799 | B6: 0 | C6: =OS[[#This Row],[Variaz]]/100 -> 0 | D6: ='AUM Fondi'!E1923 -> 13180237 | E6: =D5*OS[[#This Row],[Variazione percentuale]] -> 0 | F6: =OS[[#This Row],[AUM]]-D5 -> -32999.15 | G6: =OS[[#This Row],[∆ AUM]]-OS[[#This Row],[effetto mercato]] -> -32999.15
A7: 44802 | B7: 0 | C7: =OS[[#This Row],[Variaz]]/100 -> 0 | D7: ='AUM Fondi'!E1924 -> 13118477 | E7: =D6*OS[[#This Row],[Variazione percentuale]] -> 0 | F7: =OS[[#This Row],[AUM]]-D6 -> -61759.83 | G7: =OS[[#This Row],[∆ AUM]]-OS[[#This Row],[effetto mercato]] -> -61759.83
A8: 44803 | B8: 0 | C8: =OS[[#This Row],[Variaz]]/100 -> 0 | D8: ='AUM Fondi'!E1925 -> 13092740 | E8: =D7*OS[[#This Row],[Variazione percentuale]] -> 0 | F8: =OS[[#This Row],[AUM]]-D7 -> -25736.33 | G8: =OS[[#This Row],[∆ AUM]]-OS[[#This Row],[effetto mercato]] -> -25736.33
A9: 44804 | B9: 0 | C9: =OS[[#This Row],[Variaz]]/100 -> 0 | D9: ='AUM Fondi'!E1926 -> 16042640 | E9: =D8*OS[[#This Row],[Variazione percentuale]] -> 0 | F9: =OS[[#This Row],[AUM]]-D8 -> 2949899.8 | G9: =OS[[#This Row],[∆ AUM]]-OS[[#This Row],[effetto mercato]] -> 2949899.8
A10: 44805 | B10: 0 | C10: =OS[[#This Row],[Variaz]]/100 -> 0 | D10: ='AUM Fondi'!E1927 -> 16033000 | E10: =D9*OS[[#This Row],[Variazione percentuale]] -> 0 | F10: =OS[[#This Row],[AUM]]-D9 -> -9639.79 | G10: =OS[[#This Row],[∆ AUM]]-OS[[#This Row],[effetto mercato]] -> -9639.79
A11: 44806 | B11: 0 | C11: =OS[[#This Row],[Variaz]]/100 -> 0 | D11: ='AUM Fondi'!E1928 -> 16038979 | E11: =D10*OS[[#This Row],[Variazione percentuale]] -> 0 | F11: =OS[[#This Row],[AUM]]-D10 -> 5978.73 | G11: =OS[[#This Row],[∆ AUM]]-OS[[#This Row],[effetto mercato]] -> 5978.73
A12: 44809 | B12: -1.2 | C12: =OS[[#This Row],[Variaz]]/100 -> -0.012 | D12: ='AUM Fondi'!E1929 -> 16030850 | E12: =D11*OS[[#This Row],[Variazione percentuale]] -> -192467.75 | F12: =OS[[#This Row],[AUM]]-D11 -> -8129.57 | G12: =OS[[#This Row],[∆ AUM]]-OS[[#This Row],[effetto mercato]] -> 184338.18
A13: 44810 | B13: -0.1417 | C13: =OS[[#This Row],[Variaz]]/100 -> -0.001417 | D13: ='AUM Fondi'!E1930 -> 16009536 | E13: =D12*OS[[#This Row],[Variazione percentuale]] -> -22715.714 | F13: =OS[[#This Row],[AUM]]-D12 -> -21313.99 | G13: =OS[[#This Row],[∆ AUM]]-OS[[#This Row],[effetto mercato]] -> 1401.7237
A14: 44811 | B14: 0.3041 | C14: =OS[[#This Row],[Variaz]]/100 -> 0.003041 | D14: ='AUM Fondi'!E1931 -> 16056982 | E14: =D13*OS[[#This Row],[Variazione percentuale]] -> 48684.997 | F14: =OS[[#This Row],[AUM]]-D13 -> 47446.33 | G14: =OS[[#This Row],[∆ AUM]]-OS[[#This Row],[effetto mercato]] -> -1238.6675
A15: 44812 | B15: -0.2223 | C15: =OS[[#This Row],[Variaz]]/100 -> -0.002223 | D15: ='AUM Fondi'!E1932 -> 16045432 | E15: =D14*OS[[#This Row],[Variazione percentuale]] -> -35694.671 | F15: =OS[[#This Row],[AUM]]-D14 -> -11550.24 | G15: =OS[[#This Row],[∆ AUM]]-OS[[#This Row],[effetto mercato]] -> 24144.431
... A773: 45919 | B773: 0.0186 | C773: =OS[[#This Row],[Variaz]]/100 -> 0.000186 | D773: ='AUM Fondi'!E2690 -> 76613944 | E773: =D772*OS[[#This Row],[Variazione percentuale]] -> 14184.68 | F773: =OS[[#This Row],[AUM]]-D772 -> 352225.32 | G773: =OS[[#This Row],[∆ AUM]]-OS[[#This Row],[effetto mercato]] -> 338040.64
A774: 45922 | B774: 0.2608

Sheet Rendita Bilanciata
A1: Etica Rendita Bilanciata | B1: ETRBILR IM Equity
A2: Data | B2: Variaz | C2: Variazione percentuale | D2: AUM | E2: effetto mercato | F2: ∆ AUM | G2: flussi netti
A3: =_xll.BDH(B1,"PR052",'AUM Fondi'!A3,TODAY(),"cols=2;rows=2513") -> #NAME? | B3: 0 | C3: =RB[[#This Row],[Variaz]]/100 -> 0 | D3: ='AUM Fondi'!F180 -> -29997 | E3: - | F3: - | G3: -
A4: 42263 | B4: 0 | C4: =RB[[#This Row],[Variaz]]/100 -> 0 | D4: ='AUM Fondi'!F181 -> 319773.9 | E4: =D3*RB[[#This Row],[Variazione percentuale]] -> 0 | F4: =RB[[#This Row],[AUM]]-D3 -> 349770.9 | G4: =RB[[#This Row],[∆ AUM]]-RB[[#This Row],[effetto mercato]] -> 349770.9
A5: 42264 | B5: 0 | C5: =RB[[#This Row],[Variaz]]/100 -> 0 | D5: ='AUM Fondi'!F182 -> 603317.93 | E5: =D4*RB[[#This Row],[Variazione percentuale]] -> 0 | F5: =RB[[#This Row],[AUM]]-D4 -> 283544.03 | G5: =RB[[#This Row],[∆ AUM]]-RB[[#This Row],[effetto mercato]] -> 283544.03
A6: 42265 | B6: 0 | C6: =RB[[#This Row],[Variaz]]/100 -> 0 | D6: ='AUM Fondi'!F183 -> 924179.96 | E6: =D5*RB[[#This Row],[Variazione percentuale]] -> 0 | F6: =RB[[#This Row],[AUM]]-D5 -> 320862.03 | G6: =RB[[#This Row],[∆ AUM]]-RB[[#This Row],[effetto mercato]] -> 320862.03
A7: 42268 | B7: 0 | C7: =RB[[#This Row],[Variaz]]/100 -> 0 | D7: ='AUM Fondi'!F184 -> 2872525 | E7: =D6*RB[[#This Row],[Variazione percentuale]] -> 0 | F7: =RB[[#This Row],[AUM]]-D6 -> 1948345.1 | G7: =RB[[#This Row],[∆ AUM]]-RB[[#This Row],[effetto mercato]] -> 1948345.1
A8: 42269 | B8: 0 | C8: =RB[[#This Row],[Variaz]]/100 -> 0 | D8: ='AUM Fondi'!F185 -> 3430875 | E8: =D7*RB[[#This Row],[Variazione percentuale]] -> 0 | F8: =RB[[#This Row],[AUM]]-D7 -> 558349.95 | G8: =RB[[#This Row],[∆ AUM]]-RB[[#This Row],[effetto mercato]] -> 558349.95
A9: 42270 | B9: 0 | C9: =RB[[#This Row],[Variaz]]/100 -> 0 | D9: ='AUM Fondi'!F186 -> 3764760.5 | E9: =D8*RB[[#This Row],[Variazione percentuale]] -> 0 | F9: =RB[[#This Row],[AUM]]-D8 -> 333885.52 | G9: =RB[[#This Row],[∆ AUM]]-RB[[#This Row],[effetto mercato]] -> 333885.52
A10: 42271 | B10: 0 | C10: =RB[[#This Row],[Variaz]]/100 -> 0 | D10: ='AUM Fondi'!F187 -> 4263307.9 | E10: =D9*RB[[#This Row],[Variazione percentuale]] -> 0 | F10: =RB[[#This Row],[AUM]]-D9 -> 498547.38 | G10: =RB[[#This Row],[∆ AUM]]-RB[[#This Row],[effetto mercato]] -> 498547.38
A11: 42272 | B11: 0 | C11: =RB[[#This Row],[Variaz]]/100 -> 0 | D11: ='AUM Fondi'!F188 -> 4696244.7 | E11: =D10*RB[[#This Row],[Variazione percentuale]] -> 0 | F11: =RB[[#This Row],[AUM]]-D10 -> 432936.83 | G11: =RB[[#This Row],[∆ AUM]]-RB[[#This Row],[effetto mercato]] -> 432936.83
A12: 42275 | B12: -0.12 | C12: =RB[[#This Row],[Variaz]]/100 -> -0.0012 | D12: ='AUM Fondi'!F189 -> 11187855 | E12: =D11*RB[[#This Row],[Variazione percentuale]] -> -5635.4937 | F12: =RB[[#This Row],[AUM]]-D11 -> 6491610.4 | G12: =RB[[#This Row],[∆ AUM]]-RB[[#This Row],[effetto mercato]] -> 6497245.9
A13: 42276 | B13: -0.3204 | C13: =RB[[#This Row],[Variaz]]/100 -> -0.003204 | D13: ='AUM Fondi'!F190 -> 11730212 | E13: =D12*RB[[#This Row],[Variazione percentuale]] -> -35845.888 | F13: =RB[[#This Row],[AUM]]-D12 -> 542357.05 | G13: =RB[[#This Row],[∆ AUM]]-RB[[#This Row],[effetto mercato]] -> 578202.94
A14: 42277 | B14: 0.6428 | C14: =RB[[#This Row],[Variaz]]/100 -> 0.006428 | D14: ='AUM Fondi'!F191 -> 12382251 | E14: =D13*RB[[#This Row],[Variazione percentuale]] -> 75401.804 | F14: =RB[[#This Row],[AUM]]-D13 -> 652038.7 | G14: =RB[[#This Row],[∆ AUM]]-RB[[#This Row],[effetto mercato]] -> 576636.9
A15: 42278 | B15: 0.1397 | C15: =RB[[#This Row],[Variaz]]/100 -> 0.001397 | D15: ='AUM Fondi'!F192 -> 12773154 | E15: =D14*RB[[#This Row],[Variazione percentuale]] -> 17298.004 | F15: =RB[[#This Row],[AUM]]-D14 -> 390902.72 | G15: =RB[[#This Row],[∆ AUM]]-RB[[#This Row],[effetto mercato]] -> 373604.72
... A2514: 45919 | B2514: -0.0336 | C2514: =RB[[#This Row],[Variaz]]/100 -> -0.000336 | D2514: ='AUM Fondi'!F2691 -> 9.1592158e+08 | E2514: =D2513*RB[[#This Row],[Variazione percentuale]] -> -308233.73 | F2514: =RB[[#This Row],[AUM]]-D2513 -> -1440707.1 | G2514: =RB[[#This Row],[∆ AUM]]-RB[[#This Row],[effetto mercato]] -> -1132473.4
A2515: 45922 | B2515: 0.1514

Sheet Obbligazionario Misto
A1: Etica Obbligazionario Misto | B1: ETVROBM IM Equity
A2: Data | B2: Variaz | C2: Variazione percentuale | D2: AUM | E2: effetto mercato | F2: ∆ AUM | G2: flussi netti
A3: =_xll.BDH(B1,"PR052",'AUM Fondi'!A3,TODAY(),"cols=2;rows=2690") -> #NAME? | B3: 0.3579 | C3: =OM[[#This Row],[Variaz]]/100 -> 0.003579 | D3: =AUM[[#This Row],[ Etica Obbligazionario Misto]] -> 5.8355828e+08 | E3: - | F3: - | G3: -
A4: 42009 | B4: -0.2774 | C4: =OM[[#This Row],[Variaz]]/100 -> -0.002774 | D4: =AUM[[#This Row],[ Etica Obbligazionario Misto]] -> 5.825948e+08 | E4: =D3*OM[[#This Row],[Variazione percentuale]] -> -1618790.7 | F4: =OM[[#This Row],[AUM]]-D3 -> -963476.66 | G4: =OM[[#This Row],[∆ AUM]]-OM[[#This Row],[effetto mercato]] -> 655314
A5: 42011 | B5: -0.0133 | C5: =OM[[#This Row],[Variaz]]/100 -> -0.000133 | D5: =AUM[[#This Row],[ Etica Obbligazionario Misto]] -> 5.8669336e+08 | E5: =D4*OM[[#This Row],[Variazione percentuale]] -> -77485.108 | F5: =OM[[#This Row],[AUM]]-D4 -> 4098560.5 | G5: =OM[[#This Row],[∆ AUM]]-OM[[#This Row],[effetto mercato]] -> 4176045.6
A6: 42012 | B6: 0.2252 | C6: =OM[[#This Row],[Variaz]]/100 -> 0.002252 | D6: =AUM[[#This Row],[ Etica Obbligazionario Misto]] -> 5.9062393e+08 | E6: =D5*OM[[#This Row],[Variazione percentuale]] -> 1321233.4 | F6: =OM[[#This Row],[AUM]]-D5 -> 3930568.9 | G6: =OM[[#This Row],[∆ AUM]]-OM[[#This Row],[effetto mercato]] -> 2609335.4
A7: 42013 | B7: -0.1057 | C7: =OM[[#This Row],[Variaz]]/100 -> -0.001057 | D7: =AUM[[#This Row],[ Etica Obbligazionario Misto]] -> 5.9188333e+08 | E7: =D6*OM[[#This Row],[Variazione percentuale]] -> -624289.49 | F7: =OM[[#This Row],[AUM]]-D6 -> 1259397.6 | G7: =OM[[#This Row],[∆ AUM]]-OM[[#This Row],[effetto mercato]] -> 1883687.1
A8: 42016 | B8: 0.172 | C8: =OM[[#This Row],[Variaz]]/100 -> 0.00172 | D8: =AUM[[#This Row],[ Etica Obbligazionario Misto]] -> 5.955677e+08 | E8: =D7*OM[[#This Row],[Variazione percentuale]] -> 1018039.3 | F8: =OM[[#This Row],[AUM]]-D7 -> 3684374.4 | G8: =OM[[#This Row],[∆ AUM]]-OM[[#This Row],[effetto mercato]] -> 2666335.1
A9: 42017 | B9: 0.0793 | C9: =OM[[#This Row],[Variaz]]/100 -> 0.000793 | D9: =AUM[[#This Row],[ Etica Obbligazionario Misto]] -> 5.9878164e+08 | E9: =D8*OM[[#This Row],[Variazione percentuale]] -> 472285.19 | F9: =OM[[#This Row],[AUM]]-D8 -> 3213939.4 | G9: =OM[[#This Row],[∆ AUM]]-OM[[#This Row],[effetto mercato]] -> 2741654.2
A10: 42018 | B10: 0.1848 | C10: =OM[[#This Row],[Variaz]]/100 -> 0.001848 | D10: =AUM[[#This Row],[ Etica Obbligazionario Misto]] -> 6.0244574e+08 | E10: =D9*OM[[#This Row],[Variazione percentuale]] -> 1106548.5 | F10: =OM[[#This Row],[AUM]]-D9 -> 3664097 | G10: =OM[[#This Row],[∆ AUM]]-OM[[#This Row],[effetto mercato]] -> 2557548.5
A11: 42019 | B11: 0.2503 | C11: =OM[[#This Row],[Variaz]]/100 -> 0.002503 | D11: =AUM[[#This Row],[ Etica Obbligazionario Misto]] -> 6.058798e+08 | E11: =D10*OM[[#This Row],[Variazione percentuale]] -> 1507921.7 | F11: =OM[[#This Row],[AUM]]-D10 -> 3434065.4 | G11: =OM[[#This Row],[∆ AUM]]-OM[[#This Row],[effetto mercato]] -> 1926143.7
A12: 42020 | B12: 0.3811 | C12: =OM[[#This Row],[Variaz]]/100 -> 0.003811 | D12: =AUM[[#This Row],[ Etica Obbligazionario Misto]] -> 6.1063865e+08 | E12: =D11*OM[[#This Row],[Variazione percentuale]] -> 2309007.9 | F12: =OM[[#This Row],[AUM]]-D11 -> 4758843.2 | G12: =OM[[#This Row],[∆ AUM]]-OM[[#This Row],[effetto mercato]] -> 2449835.3
A13: 42023 | B13: -0.0655 | C13: =OM[[#This Row],[Variaz]]/100 -> -0.000655 | D13: =AUM[[#This Row],[ Etica Obbligazionario Misto]] -> 6.1347071e+08 | E13: =D12*OM[[#This Row],[Variazione percentuale]] -> -399968.31 | F13: =OM[[#This Row],[AUM]]-D12 -> 2832068.4 | G13: =OM[[#This Row],[∆ AUM]]-OM[[#This Row],[effetto mercato]] -> 3232036.7
A14: 42024 | B14: 0.0786 | C14: =OM[[#This Row],[Variaz]]/100 -> 0.000786 | D14: =AUM[[#This Row],[ Etica Obbligazionario Misto]] -> 6.1763044e+08 | E14: =D13*OM[[#This Row],[Variazione percentuale]] -> 482187.98 | F14: =OM[[#This Row],[AUM]]-D13 -> 4159728.1 | G14: =OM[[#This Row],[∆ AUM]]-OM[[#This Row],[effetto mercato]] -> 3677540.1
A15: 42025 | B15: -0.0916 | C15: =OM[[#This Row],[Variaz]]/100 -> -0.000916 | D15: =AUM[[#This Row],[ Etica Obbligazionario Misto]] -> 6.2002084e+08 | E15: =D14*OM[[#This Row],[Variazione percentuale]] -> -565749.49 | F15: =OM[[#This Row],[AUM]]-D14 -> 2390401.9 | G15: =OM[[#This Row],[∆ AUM]]-OM[[#This Row],[effetto mercato]] -> 2956151.4
... A2691: 45919 | B2691: -0.0513 | C2691: =OM[[#This Row],[Variaz]]/100 -> -0.000513 | D2691: =AUM[[#This Row],[ Etica Obbligazionario Misto]] -> 1.1695892e+09 | E2691: =D2690*OM[[#This Row],[Variazione percentuale]] -> -601223.84 | F2691: =OM[[#This Row],[AUM]]-D2690 -> -2387136.4 | G2691: =OM[[#This Row],[∆ AUM]]-OM[[#This Row],[effetto mercato]] -> -1785912.6
A2692: 45922 | B2692: 0.0256 | D2692: =AUM[[#This Row],[ Etica Obbligazionario Misto]] -> #VALUE!

Sheet Obbligazionario Breve Termine
A1: Etica Obbligazionario Breve Termine | B1: ETVRMON IM Equity
A2: Data | B2: Variaz | C2: Variazione percentuale | D2: AUM | E2: effetto mercato | F2: ∆ AUM | G2: flussi netti
A3: =_xll.BDH(B1,"PR052",'AUM Fondi'!A3,TODAY(),"cols=2;rows=2690") -> #NAME? | B3: 0.0967 | C3: =BT[[#This Row],[Variaz]]/100 -> 0.000967 | D3: =AUM[[#This Row],[ Etica Obbligazionario Breve Termine]] -> 1.9547788e+08 | E3: - | F3: - | G3: -
A4: 42009 | B4: -0.0805 | C4: =BT[[#This Row],[Variaz]]/100 -> -0.000805 | D4: =AUM[[#This Row],[ Etica Obbligazionario Breve Termine]] -> 1.9521737e+08 | E4: =D3*BT[[#This Row],[Variazione percentuale]] -> -157359.7 | F4: =BT[[#This Row],[AUM]]-D3 -> -260512.96 | G4: =BT[[#This Row],[∆ AUM]]-BT[[#This Row],[effetto mercato]] -> -103153.26
A5: 42011 | B5: -0.0645 | C5: =BT[[#This Row],[Variaz]]/100 -> -0.000645 | D5: =AUM[[#This Row],[ Etica Obbligazionario Breve Termine]] -> 1.9506602e+08 | E5: =D4*BT[[#This Row],[Variazione percentuale]] -> -125915.2 | F5: =BT[[#This Row],[AUM]]-D4 -> -151354.52 | G5: =BT[[#This Row],[∆ AUM]]-BT[[#This Row],[effetto mercato]] -> -25439.316
A6: 42012 | B6: 0.0323 | C6: =BT[[#This Row],[Variaz]]/100 -> 0.000323 | D6: =AUM[[#This Row],[ Etica Obbligazionario Breve Termine]] -> 1.9544895e+08 | E6: =D5*BT[[#This Row],[Variazione percentuale]] -> 63006.323 | F6: =BT[[#This Row],[AUM]]-D5 -> 382930.2 | G6: =BT[[#This Row],[∆ AUM]]-BT[[#This Row],[effetto mercato]] -> 319923.88
A7: 42013 | B7: -0.0161 | C7: =BT[[#This Row],[Variaz]]/100 -> -0.000161 | D7: =AUM[[#This Row],[ Etica Obbligazionario Breve Termine]] -> 1.959434e+08 | E7: =D6*BT[[#This Row],[Variazione percentuale]] -> -31467.28 | F7: =BT[[#This Row],[AUM]]-D6 -> 494451.6 | G7: =BT[[#This Row],[∆ AUM]]-BT[[#This Row],[effetto mercato]] -> 525918.88
A8: 42016 | B8: 0.0323 | C8: =BT[[#This Row],[Variaz]]/100 -> 0.000323 | D8: =AUM[[#This Row],[ Etica Obbligazionario Breve Termine]] -> 1.9638133e+08 | E8: =D7*BT[[#This Row],[Variazione percentuale]] -> 63289.718 | F8: =BT[[#This Row],[AUM]]-D7 -> 437932.19 | G8: =BT[[#This Row],[∆ AUM]]-BT[[#This Row],[effetto mercato]] -> 374642.47
A9: 42017 | B9: 0 | C9: =BT[[#This Row],[Variaz]]/100 -> 0 | D9: =AUM[[#This Row],[ Etica Obbligazionario Breve Termine]] -> 1.9605932e+08 | E9: =D8*BT[[#This Row],[Variazione percentuale]] -> 0 | F9: =BT[[#This Row],[AUM]]-D8 -> -322014.3 | G9: =BT[[#This Row],[∆ AUM]]-BT[[#This Row],[effetto mercato]] -> -322014.3
A10: 42018 | B10: 0.0161 | C10: =BT[[#This Row],[Variaz]]/100 -> 0.000161 | D10: =AUM[[#This Row],[ Etica Obbligazionario Breve Termine]] -> 1.9605797e+08 | E10: =D9*BT[[#This Row],[Variazione percentuale]] -> 31565.55 | F10: =BT[[#This Row],[AUM]]-D9 -> -1347.89 | G10: =BT[[#This Row],[∆ AUM]]-BT[[#This Row],[effetto mercato]] -> -32913.44
A11: 42019 | B11: 0.0322 | C11: =BT[[#This Row],[Variaz]]/100 -> 0.000322 | D11: =AUM[[#This Row],[ Etica Obbligazionario Breve Termine]] -> 1.9626652e+08 | E11: =D10*BT[[#This Row],[Variazione percentuale]] -> 63130.666 | F11: =BT[[#This Row],[AUM]]-D10 -> 208554.4 | G11: =BT[[#This Row],[∆ AUM]]-BT[[#This Row],[effetto mercato]] -> 145423.73
A12: 42020 | B12: 0.0806 | C12: =BT[[#This Row],[Variaz]]/100 -> 0.000806 | D12: =AUM[[#This Row],[ Etica Obbligazionario Breve Termine]] -> 1.9693064e+08 | E12: =D11*BT[[#This Row],[Variazione percentuale]] -> 158190.82 | F12: =BT[[#This Row],[AUM]]-D11 -> 664112.37 | G12: =BT[[#This Row],[∆ AUM]]-BT[[#This Row],[effetto mercato]] -> 505921.55
A13: 42023 | B13: 0.0322 | C13: =BT[[#This Row],[Variaz]]/100 -> 0.000322 | D13: =AUM[[#This Row],[ Etica Obbligazionario Breve Termine]] -> 1.9699177e+08 | E13: =D12*BT[[#This Row],[Variazione percentuale]] -> 63411.665 | F13: =BT[[#This Row],[AUM]]-D12 -> 61136.63 | G13: =BT[[#This Row],[∆ AUM]]-BT[[#This Row],[effetto mercato]] -> -2275.0345
A14: 42024 | B14: 0.0161 | C14: =BT[[#This Row],[Variaz]]/100 -> 0.000161 | D14: =AUM[[#This Row],[ Etica Obbligazionario Breve Termine]] -> 1.971181e+08 | E14: =D13*BT[[#This Row],[Variazione percentuale]] -> 31715.675 | F14: =BT[[#This Row],[AUM]]-D13 -> 126328.96 | G14: =BT[[#This Row],[∆ AUM]]-BT[[#This Row],[effetto mercato]] -> 94613.285
A15: 42025 | B15: 0 | C15: =BT[[#This Row],[Variaz]]/100 -> 0 | D15: =AUM[[#This Row],[ Etica Obbligazionario Breve Termine]] -> 1.9693909e+08 | E15: =D14*BT[[#This Row],[Variazione percentuale]] -> 0 | F15: =BT[[#This Row],[AUM]]-D14 -> -179008.14 | G15: =BT[[#This Row],[∆ AUM]]-BT[[#This Row],[effetto mercato]] -> -179008.14
... A2691: 45919 | B2691: -0.0159 | C2691: =BT[[#This Row],[Variaz]]/100 -> -0.000159 | D2691: =AUM[[#This Row],[ Etica Obbligazionario Breve Termine]] -> 2.931062e+08 | E2691: =D2690*BT[[#This Row],[Variazione percentuale]] -> -46630.165 | F2691: =BT[[#This Row],[AUM]]-D2690 -> -165278.29 | G2691: =BT[[#This Row],[∆ AUM]]-BT[[#This Row],[effetto mercato]] -> -118648.13
A2692: 45922 | B2692: 0.0159
